{
    "name": "laravel/laravel",
    "description": "The Laravel Framework.",
    "keywords": ["framework", "laravel"],
    "license": "MIT",
    "type": "project",
    "require": {
        "php": ">=5.3",
        "laravel/framework": "5.2.*",
        "laravelcollective/html":"*", 
        "laracasts/flash": "^2.0",
        "cviebrock/eloquent-sluggable": "^4.0",
        "intervention/image": "^2.3",
        "laravel/socialite": "^2.0",
        "cviebrock/image-validator": "^2.1"
    },
    "require-dev": {
        "fzaninotto/faker": "~1.4",
        "mockery/mockery": "0.9.*",
        "phpunit/phpunit": "~4.0",
        "symfony/css-selector": "2.8.*|3.0.*",
        "symfony/dom-crawler": "2.8.*|3.0.*"
    },
    "autoload": {
        "classmap": [
            "database"
        ],
        "psr-4": {
            "App\\": "app/"
        }
    },
    "autoload-dev": {
        "classmap": [
            "tests/TestCase.php"
        ]
    },
    "scripts": {
        "post-root-package-install": [
            "php -r \"file_exists('.env') || copy('.env.example', '.env');\""
        ],
        "post-create-project-cmd": [
            "php artisan key:generate"
        ],
        "post-install-cmd": [
            "Illuminate\\Foundation\\ComposerScripts::postInstall",
            "php artisan optimize"
        ],
        "post-update-cmd": [
            "Illuminate\\Foundation\\ComposerScripts::postUpdate",
            "php artisan optimize"
        ]
    },
    "config": {
        "preferred-install": "dist"
    }
}
